 0.00000000e+00,1.86146432e-12 
 1.00000000e-01,2.00914285e-12 
 2.00000000e-01,1.77773759e-11 
 3.00000000e-01,2.81473687e-10 
 4.00000000e-01,4.79917906e-09 
 5.00000000e-01,7.58944586e-08 
 6.00000000e-01,9.25774896e-07 
 7.00000000e-01,6.64882143e-06 
 8.00000000e-01,2.61528261e-05 
 9.00000000e-01,6.37897211e-05 
 1.00000000e+00,1.14062668e-04 
 1.10000000e+00,1.70920542e-04 
 1.20000000e+00,2.31330335e-04 
 1.30000000e+00,2.93815835e-04 
 1.40000000e+00,3.57500031e-04 
 1.50000000e+00,4.21781416e-04 
 1.60000000e+00,4.86216465e-04 
 1.70000000e+00,5.50461011e-04 
 1.80000000e+00,6.14232364e-04 
 0.00000000e+00,2.05079118e-12 
 1.00000000e-01,5.36598261e-12 
 2.00000000e-01,5.42481665e-11 
 3.00000000e-01,7.70822847e-10 
 4.00000000e-01,1.10470691e-08 
 5.00000000e-01,1.47245537e-07 
 6.00000000e-01,1.56496184e-06 
 7.00000000e-01,1.03976467e-05 
 8.00000000e-01,3.89124487e-05 
 9.00000000e-01,9.13608302e-05 
 1.00000000e+00,1.59207448e-04 
 1.10000000e+00,2.34271235e-04 
 1.20000000e+00,3.12729345e-04 
 1.30000000e+00,3.92870845e-04 
 1.40000000e+00,4.73725878e-04 
 1.50000000e+00,5.54621807e-04 
 1.60000000e+00,6.35034396e-04 
 1.70000000e+00,7.14514303e-04 
 1.80000000e+00,7.92632159e-04 
 0.00000000e+00,2.60360266e-12 
 1.00000000e-01,2.16951108e-11 
 2.00000000e-01,4.35617315e-10 
 3.00000000e-01,6.19765000e-09 
 4.00000000e-01,4.97690199e-08 
 5.00000000e-01,2.96029329e-07 
 6.00000000e-01,1.35693500e-06 
 7.00000000e-01,4.08755803e-06 
 8.00000000e-01,8.83046611e-06 
 9.00000000e-01,1.56497728e-05 
 1.00000000e+00,2.46010850e-05 
 1.10000000e+00,3.57456534e-05 
 1.20000000e+00,4.91336545e-05 
 1.30000000e+00,6.47973934e-05 
 1.40000000e+00,8.27502159e-05 
 1.50000000e+00,1.02987283e-04 
 1.60000000e+00,1.25486097e-04 
 1.70000000e+00,1.50204392e-04 
 1.80000000e+00,1.77070171e-04 
 0.00000000e+00,2.62442932e-12 
 1.00000000e-01,2.18004187e-11 
 2.00000000e-01,4.04243524e-10 
 3.00000000e-01,4.88113214e-09 
 4.00000000e-01,3.49948718e-08 
 5.00000000e-01,1.98985595e-07 
 6.00000000e-01,8.45490892e-07 
 7.00000000e-01,2.37196882e-06 
 8.00000000e-01,4.93776607e-06 
 9.00000000e-01,8.62108465e-06 
 1.00000000e+00,1.35119083e-05 
 1.10000000e+00,1.97122661e-05 
 1.20000000e+00,2.73302118e-05 
 1.30000000e+00,3.64783348e-05 
 1.40000000e+00,4.72746460e-05 
 1.50000000e+00,5.98440688e-05 
 1.60000000e+00,7.43183251e-05 
 1.70000000e+00,9.08272601e-05 
 1.80000000e+00,1.09449622e-04 
 0.00000000e+00,2.39120767e-12 
 1.00000000e-01,1.58796494e-11 
 2.00000000e-01,2.71325119e-10 
 3.00000000e-01,3.00801740e-09 
 4.00000000e-01,2.05959220e-08 
 5.00000000e-01,1.14682390e-07 
 6.00000000e-01,4.68808353e-07 
 7.00000000e-01,1.27442527e-06 
 8.00000000e-01,2.61404474e-06 
 9.00000000e-01,4.54333834e-06 
 1.00000000e+00,7.12942575e-06 
 1.10000000e+00,1.04511175e-05 
 1.20000000e+00,1.45978130e-05 
 1.30000000e+00,1.96710128e-05 
 1.40000000e+00,2.57875986e-05 
 1.50000000e+00,3.30841341e-05 
 1.60000000e+00,4.17199657e-05 
 1.70000000e+00,5.18646335e-05 
 1.80000000e+00,6.35442058e-05 
 0.00000000e+00,2.15682268e-12 
 1.00000000e-01,1.01387590e-11 
 2.00000000e-01,1.57054461e-10 
 3.00000000e-01,1.66332842e-09 
 4.00000000e-01,1.11555263e-08 
 5.00000000e-01,6.14709972e-08 
 6.00000000e-01,2.46492486e-07 
 7.00000000e-01,6.60372922e-07 
 8.00000000e-01,1.34596549e-06 
 9.00000000e-01,2.33618188e-06 
 1.00000000e+00,3.67150434e-06 
 1.10000000e+00,5.40047981e-06 
 1.20000000e+00,7.58004622e-06 
 1.30000000e+00,1.02774678e-05 
 1.40000000e+00,1.35736537e-05 
 1.50000000e+00,1.75677146e-05 
 1.60000000e+00,2.23812120e-05 
 1.70000000e+00,2.81429443e-05 
 1.80000000e+00,3.47424704e-05 
 0.00000000e+00,1.81876107e-12 
 1.00000000e-01,1.84577961e-12 
 2.00000000e-01,5.98541659e-12 
 3.00000000e-01,9.25121371e-11 
 4.00000000e-01,1.93209166e-09 
 5.00000000e-01,3.76004146e-08 
 6.00000000e-01,5.40461828e-07 
 7.00000000e-01,4.24993349e-06 
 8.00000000e-01,1.78614441e-05 
 9.00000000e-01,4.58109816e-05 
 1.00000000e+00,8.44906833e-05 
 1.10000000e+00,1.29244584e-04 
 1.20000000e+00,1.77618601e-04 
 1.30000000e+00,2.28326672e-04 
 1.40000000e+00,2.80558054e-04 
 1.50000000e+00,3.33742450e-04 
 1.60000000e+00,3.87459101e-04 
 1.70000000e+00,4.41388168e-04 
 1.80000000e+00,4.95278904e-04 
 0.00000000e+00,1.82805810e-12 
 1.00000000e-01,1.88515371e-12 
 2.00000000e-01,1.18452229e-11 
 3.00000000e-01,2.35135608e-10 
 4.00000000e-01,5.12301523e-09 
 5.00000000e-01,8.98384644e-08 
 6.00000000e-01,9.24329022e-07 
 7.00000000e-01,5.21858736e-06 
 8.00000000e-01,1.82737278e-05 
 9.00000000e-01,4.26016299e-05 
 1.00000000e+00,7.57059518e-05 
 1.10000000e+00,1.14829215e-04 
 1.20000000e+00,1.58198231e-04 
 1.30000000e+00,2.04614318e-04 
 1.40000000e+00,2.53199301e-04 
 1.50000000e+00,3.03287536e-04 
 1.60000000e+00,3.54366589e-04 
 1.70000000e+00,4.06036270e-04 
 1.80000000e+00,4.57977905e-04 
 0.00000000e+00,1.86798298e-12 
 1.00000000e-01,3.27530754e-12 
 2.00000000e-01,3.84447365e-11 
 3.00000000e-01,8.71739810e-10 
 4.00000000e-01,1.67464709e-08 
 5.00000000e-01,1.91902987e-07 
 6.00000000e-01,1.27248204e-06 
 7.00000000e-01,5.82710721e-06 
 8.00000000e-01,1.75671692e-05 
 9.00000000e-01,3.71485908e-05 
 1.00000000e+00,6.32502450e-05 
 1.10000000e+00,9.46176344e-05 
 1.20000000e+00,1.30249101e-04 
 1.30000000e+00,1.69301853e-04 
 1.40000000e+00,2.11054700e-04 
 1.50000000e+00,2.54894043e-04 
 1.60000000e+00,3.00301936e-04 
 1.70000000e+00,3.46842554e-04 
 1.80000000e+00,3.94147736e-04 
 0.00000000e+00,2.18022562e-12 
 1.00000000e-01,1.12951575e-11 
 2.00000000e-01,2.30087988e-10 
 3.00000000e-01,4.29327615e-09 
 4.00000000e-01,4.66013750e-08 
 5.00000000e-01,3.14858704e-07 
 6.00000000e-01,1.65136394e-06 
 7.00000000e-01,5.86545333e-06 
 8.00000000e-01,1.40075894e-05 
 9.00000000e-01,2.60417793e-05 
 1.00000000e+00,4.17557644e-05 
 1.10000000e+00,6.09503350e-05 
 1.20000000e+00,8.34109489e-05 
 1.30000000e+00,1.08895186e-04 
 1.40000000e+00,1.37137130e-04 
 1.50000000e+00,1.67856537e-04 
 1.60000000e+00,2.00767619e-04 
 1.70000000e+00,2.35585431e-04 
 1.80000000e+00,2.72028697e-04 
 0.00000000e+00,2.30267476e-12 
 1.00000000e-01,8.55059469e-12 
 2.00000000e-01,9.38878183e-11 
 3.00000000e-01,1.25240853e-09 
 4.00000000e-01,1.66375150e-08 
 5.00000000e-01,2.05940158e-07 
 6.00000000e-01,2.05962220e-06 
 7.00000000e-01,1.32024559e-05 
 8.00000000e-01,4.83475980e-05 
 9.00000000e-01,1.11645451e-04 
 1.00000000e+00,1.92262275e-04 
 1.10000000e+00,2.80469376e-04 
 1.20000000e+00,3.71903933e-04 
 1.30000000e+00,4.64696026e-04 
 1.40000000e+00,5.57794895e-04 
 1.50000000e+00,6.50441409e-04 
 1.60000000e+00,7.41994011e-04 
 1.70000000e+00,8.31833187e-04 
 1.80000000e+00,9.19269968e-04 
 0.00000000e+00,3.73044250e-11 
 1.00000000e-01,4.66066654e-10 
 2.00000000e-01,5.56313324e-09 
 3.00000000e-01,5.30943138e-08 
 4.00000000e-01,3.57282125e-07 
 5.00000000e-01,1.78836723e-06 
 6.00000000e-01,6.67589317e-06 
 7.00000000e-01,1.77136453e-05 
 8.00000000e-01,3.59015065e-05 
 9.00000000e-01,6.11652189e-05 
 1.00000000e+00,9.32665654e-05 
 1.10000000e+00,1.31965843e-04 
 1.20000000e+00,1.76993496e-04 
 1.30000000e+00,2.28032056e-04 
 1.40000000e+00,2.84713390e-04 
 1.50000000e+00,3.46610099e-04 
 1.60000000e+00,4.13190218e-04 
 1.70000000e+00,4.83651824e-04 
 1.80000000e+00,5.56312173e-04 
 0.00000000e+00,3.28074135e-11 
 1.00000000e-01,4.01276133e-10 
 2.00000000e-01,4.57924274e-09 
 3.00000000e-01,3.99626791e-08 
 4.00000000e-01,2.45740785e-07 
 5.00000000e-01,1.15537094e-06 
 6.00000000e-01,4.03589337e-06 
 7.00000000e-01,1.01598611e-05 
 8.00000000e-01,2.00354147e-05 
 9.00000000e-01,3.38084893e-05 
 1.00000000e+00,5.15993227e-05 
 1.10000000e+00,7.35453597e-05 
 1.20000000e+00,9.97865856e-05 
 1.30000000e+00,1.30458783e-04 
 1.40000000e+00,1.65693526e-04 
 1.50000000e+00,2.05613181e-04 
 1.60000000e+00,2.50293371e-04 
 1.70000000e+00,2.99575929e-04 
 1.80000000e+00,3.52064584e-04 
 0.00000000e+00,2.22195658e-11 
 1.00000000e-01,2.62378169e-10 
 2.00000000e-01,2.90924388e-09 
 3.00000000e-01,2.42030835e-08 
 4.00000000e-01,1.42821595e-07 
 5.00000000e-01,6.52215779e-07 
 6.00000000e-01,2.20768929e-06 
 7.00000000e-01,5.43206252e-06 
 8.00000000e-01,1.06001639e-05 
 9.00000000e-01,1.78496202e-05 
 1.00000000e+00,2.73253918e-05 
 1.10000000e+00,3.91977797e-05 
 1.20000000e+00,5.36593688e-05 
 1.30000000e+00,7.09275214e-05 
 1.40000000e+00,9.12518277e-05 
 1.50000000e+00,1.14920528e-04 
 1.60000000e+00,1.42243810e-04 
 1.70000000e+00,1.73365068e-04 
 1.80000000e+00,2.06832789e-04 
 0.00000000e+00,1.35090231e-11 
 1.00000000e-01,1.50388642e-10 
 2.00000000e-01,1.63583834e-09 
 3.00000000e-01,1.32770807e-08 
 4.00000000e-01,7.68321950e-08 
 5.00000000e-01,3.45957535e-07 
 6.00000000e-01,1.15339677e-06 
 7.00000000e-01,2.80848739e-06 
 8.00000000e-01,5.45683959e-06 
 9.00000000e-01,9.18698600e-06 
 1.00000000e+00,1.40978628e-05 
 1.10000000e+00,2.03081730e-05 
 1.20000000e+00,2.79573186e-05 
 1.30000000e+00,3.72101833e-05 
 1.40000000e+00,4.82659834e-05 
 1.50000000e+00,6.13689729e-05 
 1.60000000e+00,7.68075980e-05 
 1.70000000e+00,9.47609841e-05 
 1.80000000e+00,1.14016994e-04 
 0.00000000e+00,3.57202744e-12 
 1.00000000e-01,2.31395205e-11 
 2.00000000e-01,2.59549338e-10 
 3.00000000e-01,3.09730566e-09 
 4.00000000e-01,3.64135032e-08 
 5.00000000e-01,4.00179966e-07 
 6.00000000e-01,3.62266814e-06 
 7.00000000e-01,2.18246717e-05 
 8.00000000e-01,7.69117773e-05 
 9.00000000e-01,1.72418402e-04 
 1.00000000e+00,2.90470381e-04 
 1.10000000e+00,4.16822732e-04 
 1.20000000e+00,5.45575745e-04 
 1.30000000e+00,6.74318485e-04 
 1.40000000e+00,8.01539128e-04 
 1.50000000e+00,9.25786679e-04 
 1.60000000e+00,1.04525086e-03 
 1.70000000e+00,1.15721932e-03 
 1.80000000e+00,1.25719226e-03 
 0.00000000e+00,4.76067536e-12 
 1.00000000e-01,3.93598550e-11 
 2.00000000e-01,4.77821506e-10 
 3.00000000e-01,5.95475956e-09 
 4.00000000e-01,7.10932608e-08 
 5.00000000e-01,7.37775549e-07 
 6.00000000e-01,5.54292735e-06 
 7.00000000e-01,2.60685319e-05 
 8.00000000e-01,7.76981058e-05 
 9.00000000e-01,1.61766973e-04 
 1.00000000e+00,2.66615395e-04 
 1.10000000e+00,3.82406587e-04 
 1.20000000e+00,5.03804317e-04 
 1.30000000e+00,6.27753825e-04 
 1.40000000e+00,7.52109319e-04 
 1.50000000e+00,8.75000803e-04 
 1.60000000e+00,9.94374909e-04 
 1.70000000e+00,1.10737063e-03 
 1.80000000e+00,1.20925502e-03 
 0.00000000e+00,8.35557730e-12 
 1.00000000e-01,8.87073947e-11 
 2.00000000e-01,1.14192001e-09 
 3.00000000e-01,1.43597886e-08 
 4.00000000e-01,1.59247824e-07 
 5.00000000e-01,1.32101055e-06 
 6.00000000e-01,7.38272703e-06 
 7.00000000e-01,2.81580662e-05 
 8.00000000e-01,7.36512196e-05 
 9.00000000e-01,1.43000452e-04 
 1.00000000e+00,2.29607535e-04 
 1.10000000e+00,3.27906007e-04 
 1.20000000e+00,4.34039246e-04 
 1.30000000e+00,5.45198112e-04 
 1.40000000e+00,6.59160377e-04 
 1.50000000e+00,7.73978161e-04 
 1.60000000e+00,8.87649487e-04 
 1.70000000e+00,9.97587211e-04 
 1.80000000e+00,1.09955277e-03 
 0.00000000e+00,2.46845140e-11 
 1.00000000e-01,3.06501528e-10 
 2.00000000e-01,3.87451699e-09 
 3.00000000e-01,4.27231804e-08 
 4.00000000e-01,3.49673922e-07 
 5.00000000e-01,2.02822938e-06 
 6.00000000e-01,8.70884864e-06 
 7.00000000e-01,2.62347918e-05 
 8.00000000e-01,5.73717639e-05 
 9.00000000e-01,1.01222352e-04 
 1.00000000e+00,1.56079576e-04 
 1.10000000e+00,2.20366641e-04 
 1.20000000e+00,2.92643767e-04 
 1.30000000e+00,3.71554991e-04 
 1.40000000e+00,4.55806160e-04 
 1.50000000e+00,5.44132903e-04 
 1.60000000e+00,6.35213038e-04 
 1.70000000e+00,7.27436182e-04 
 1.80000000e+00,8.18269641e-04 
 0.00000000e+00,9.06997734e-11 
 1.00000000e-01,1.05748303e-09 
 2.00000000e-01,1.15589309e-08 
 3.00000000e-01,1.03252220e-07 
 4.00000000e-01,6.73597277e-07 
 5.00000000e-01,3.30390168e-06 
 6.00000000e-01,1.20374855e-05 
 7.00000000e-01,3.13810931e-05 
 8.00000000e-01,6.29260321e-05 
 9.00000000e-01,1.06406875e-04 
 1.00000000e+00,1.61256045e-04 
 1.10000000e+00,2.26903069e-04 
 1.20000000e+00,3.02725479e-04 
 1.30000000e+00,3.88000428e-04 
 1.40000000e+00,4.81847781e-04 
 1.50000000e+00,5.83043008e-04 
 1.60000000e+00,6.89239597e-04 
 1.70000000e+00,7.93319003e-04 
 1.80000000e+00,8.77591744e-04 
 0.00000000e+00,7.75874499e-11 
 1.00000000e-01,8.89256562e-10 
 2.00000000e-01,9.33548921e-09 
 3.00000000e-01,7.70163706e-08 
 4.00000000e-01,4.62191499e-07 
 5.00000000e-01,2.12694840e-06 
 6.00000000e-01,7.25559637e-06 
 7.00000000e-01,1.79849645e-05 
 8.00000000e-01,3.51475007e-05 
 9.00000000e-01,5.89396019e-05 
 1.00000000e+00,8.94991766e-05 
 1.10000000e+00,1.26988039e-04 
 1.20000000e+00,1.71567063e-04 
 1.30000000e+00,2.23380336e-04 
 1.40000000e+00,2.82542078e-04 
 1.50000000e+00,3.49081182e-04 
 1.60000000e+00,4.22662150e-04 
 1.70000000e+00,5.00927154e-04 
 1.80000000e+00,5.73396046e-04 
 0.00000000e+00,5.11065838e-11 
 1.00000000e-01,5.74107295e-10 
 2.00000000e-01,5.87894929e-09 
 3.00000000e-01,4.64804454e-08 
 4.00000000e-01,2.68311023e-07 
 5.00000000e-01,1.19834808e-06 
 6.00000000e-01,3.96344057e-06 
 7.00000000e-01,9.61299180e-06 
 8.00000000e-01,1.86042217e-05 
 9.00000000e-01,3.11503880e-05 
 1.00000000e+00,4.74697414e-05 
 1.10000000e+00,6.78202769e-05 
 1.20000000e+00,9.24945387e-05 
 1.30000000e+00,1.21822393e-04 
 1.40000000e+00,1.56179927e-04 
 1.50000000e+00,1.95986545e-04 
 1.60000000e+00,2.41603280e-04 
 1.70000000e+00,2.92409992e-04 
 1.80000000e+00,3.42458165e-04 
 0.00000000e+00,2.98979251e-11 
 1.00000000e-01,3.26302828e-10 
 2.00000000e-01,3.29127640e-09 
 3.00000000e-01,2.54581032e-08 
 4.00000000e-01,1.44254210e-07 
 5.00000000e-01,6.35007436e-07 
 6.00000000e-01,2.06932038e-06 
 7.00000000e-01,4.96949486e-06 
 8.00000000e-01,9.57953213e-06 
 9.00000000e-01,1.60410090e-05 
 1.00000000e+00,2.45095383e-05 
 1.10000000e+00,3.51726253e-05 
 1.20000000e+00,4.82512529e-05 
 1.30000000e+00,6.40074539e-05 
 1.40000000e+00,8.27581897e-05 
 1.50000000e+00,1.04889572e-04 
 1.60000000e+00,1.30832173e-04 
 1.70000000e+00,1.60555545e-04 
 1.80000000e+00,1.90820593e-04 
 0.00000000e+00,7.33417949e-12 
 1.00000000e-01,6.29942810e-11 
 2.00000000e-01,6.78160176e-10 
 3.00000000e-01,7.43081837e-09 
 4.00000000e-01,7.99186077e-08 
 5.00000000e-01,8.05314334e-07 
 6.00000000e-01,6.76559326e-06 
 7.00000000e-01,3.87058193e-05 
 8.00000000e-01,1.31386689e-04 
 9.00000000e-01,2.85547880e-04 
 1.00000000e+00,4.69845608e-04 
 1.10000000e+00,6.62048302e-04 
 1.20000000e+00,8.53140641e-04 
 1.30000000e+00,1.03821807e-03 
 1.40000000e+00,1.21097991e-03 
 1.50000000e+00,1.35854622e-03 
 1.60000000e+00,1.45975056e-03 
 1.70000000e+00,1.51338923e-03 
 1.80000000e+00,1.54367295e-03 
 0.00000000e+00,1.07884936e-11 
 1.00000000e-01,1.05970425e-10 
 2.00000000e-01,1.20525404e-09 
 3.00000000e-01,1.37166639e-08 
 4.00000000e-01,1.49489761e-07 
 5.00000000e-01,1.42970866e-06 
 6.00000000e-01,1.01522605e-05 
 7.00000000e-01,4.61740307e-05 
 8.00000000e-01,1.33878557e-04 
 9.00000000e-01,2.72348899e-04 
 1.00000000e+00,4.40687411e-04 
 1.10000000e+00,6.22490919e-04 
 1.20000000e+00,8.08794290e-04 
 1.30000000e+00,9.93344120e-04 
 1.40000000e+00,1.16871430e-03 
 1.50000000e+00,1.32078241e-03 
 1.60000000e+00,1.42529438e-03 
 1.70000000e+00,1.48048794e-03 
 1.80000000e+00,1.51226617e-03 
 0.00000000e+00,2.06397761e-11 
 1.00000000e-01,2.28916811e-10 
 2.00000000e-01,2.70854004e-09 
 3.00000000e-01,3.10143319e-08 
 4.00000000e-01,3.16064466e-07 
 5.00000000e-01,2.47770463e-06 
 6.00000000e-01,1.34571981e-05 
 7.00000000e-01,5.01185713e-05 
 8.00000000e-01,1.28299408e-04 
 9.00000000e-01,2.44990272e-04 
 1.00000000e+00,3.88093715e-04 
 1.10000000e+00,5.47733393e-04 
 1.20000000e+00,7.16956520e-04 
 1.30000000e+00,8.90015850e-04 
 1.40000000e+00,1.06036434e-03 
 1.50000000e+00,1.21649296e-03 
 1.60000000e+00,1.33366265e-03 
 1.70000000e+00,1.39942056e-03 
 1.80000000e+00,1.43754272e-03 
 0.00000000e+00,6.19264297e-11 
 1.00000000e-01,7.28386604e-10 
 2.00000000e-01,8.40043221e-09 
 3.00000000e-01,8.53359102e-08 
 4.00000000e-01,6.64382002e-07 
 5.00000000e-01,3.76664007e-06 
 6.00000000e-01,1.58022059e-05 
 7.00000000e-01,4.65863426e-05 
 8.00000000e-01,1.00421690e-04 
 9.00000000e-01,1.75370793e-04 
 1.00000000e+00,2.68137879e-04 
 1.10000000e+00,3.75705856e-04 
 1.20000000e+00,4.95314888e-04 
 1.30000000e+00,6.24263396e-04 
 1.40000000e+00,7.59599679e-04 
 1.50000000e+00,8.97216846e-04 
 1.60000000e+00,1.02845078e-03 
 1.70000000e+00,1.13217981e-03 
 1.80000000e+00,1.19718323e-03 
 0.00000000e+00,1.48514272e-10 
 1.00000000e-01,1.67765472e-09 
 2.00000000e-01,1.76934423e-08 
 3.00000000e-01,1.53811164e-07 
 4.00000000e-01,9.90324481e-07 
 5.00000000e-01,4.81856927e-06 
 6.00000000e-01,1.73933892e-05 
 7.00000000e-01,4.50241413e-05 
 8.00000000e-01,8.98708114e-05 
 9.00000000e-01,1.51452760e-04 
 1.00000000e+00,2.28848178e-04 
 1.10000000e+00,3.21121188e-04 
 1.20000000e+00,4.27232333e-04 
 1.30000000e+00,5.45899537e-04 
 1.40000000e+00,6.75250743e-04 
 1.50000000e+00,8.11207856e-04 
 1.60000000e+00,9.38508247e-04 
 1.70000000e+00,1.02786140e-03 
 1.80000000e+00,1.08766353e-03 
 0.00000000e+00,1.25662232e-10 
 1.00000000e-01,1.39742729e-09 
 2.00000000e-01,1.41797040e-08 
 3.00000000e-01,1.14287138e-07 
 4.00000000e-01,6.78850208e-07 
 5.00000000e-01,3.09842520e-06 
 6.00000000e-01,1.04744988e-05 
 7.00000000e-01,2.58051912e-05 
 8.00000000e-01,5.02401594e-05 
 9.00000000e-01,8.40191389e-05 
 1.00000000e+00,1.27290704e-04 
 1.10000000e+00,1.80232427e-04 
 1.20000000e+00,2.43012784e-04 
 1.30000000e+00,3.15757816e-04 
 1.40000000e+00,3.98494099e-04 
 1.50000000e+00,4.90893411e-04 
 1.60000000e+00,5.90689688e-04 
 1.70000000e+00,6.84961944e-04 
 1.80000000e+00,7.56960064e-04 
 0.00000000e+00,8.19905947e-11 
 1.00000000e-01,8.97671784e-10 
 2.00000000e-01,8.89744634e-09 
 3.00000000e-01,6.88689646e-08 
 4.00000000e-01,3.93914160e-07 
 5.00000000e-01,1.74456550e-06 
 6.00000000e-01,5.71947670e-06 
 7.00000000e-01,1.37937692e-05 
 8.00000000e-01,2.66046537e-05 
 9.00000000e-01,4.44387703e-05 
 1.00000000e+00,6.75856190e-05 
 1.10000000e+00,9.63886219e-05 
 1.20000000e+00,1.31237206e-04 
 1.30000000e+00,1.72568511e-04 
 1.40000000e+00,2.20872913e-04 
 1.50000000e+00,2.76658230e-04 
 1.60000000e+00,3.40082807e-04 
 1.70000000e+00,4.07695566e-04 
 1.80000000e+00,4.67591003e-04 
 0.00000000e+00,4.73840179e-11 
 1.00000000e-01,5.08606009e-10 
 2.00000000e-01,4.97230628e-09 
 3.00000000e-01,3.76952042e-08 
 4.00000000e-01,2.11737046e-07 
 5.00000000e-01,9.24141067e-07 
 6.00000000e-01,2.98558096e-06 
 7.00000000e-01,7.13105827e-06 
 8.00000000e-01,1.37020654e-05 
 9.00000000e-01,2.28924489e-05 
 1.00000000e+00,3.49138755e-05 
 1.10000000e+00,5.00220449e-05 
 1.20000000e+00,6.85187935e-05 
 1.30000000e+00,9.07622216e-05 
 1.40000000e+00,1.17184807e-04 
 1.50000000e+00,1.48307120e-04 
 1.60000000e+00,1.84654905e-04 
 1.70000000e+00,2.25499968e-04 
 1.80000000e+00,2.64889221e-04 
 0.00000000e+00,1.17941646e-11 
 1.00000000e-01,1.08493653e-10 
 2.00000000e-01,1.13947032e-09 
 3.00000000e-01,1.20550112e-08 
 4.00000000e-01,1.25064135e-07 
 5.00000000e-01,1.21661558e-06 
 6.00000000e-01,9.90579689e-06 
 7.00000000e-01,5.52604418e-05 
 8.00000000e-01,1.83233724e-04 
 9.00000000e-01,3.89880165e-04 
 1.00000000e+00,6.31115979e-04 
 1.10000000e+00,8.77437019e-04 
 1.20000000e+00,1.11488846e-03 
 1.30000000e+00,1.32819680e-03 
 1.40000000e+00,1.48117004e-03 
 1.50000000e+00,1.55306783e-03 
 1.60000000e+00,1.58804098e-03 
 1.70000000e+00,1.60995693e-03 
 1.80000000e+00,1.62550394e-03 
 0.00000000e+00,1.78404581e-11 
 1.00000000e-01,1.80966428e-10 
 2.00000000e-01,1.99569932e-09 
 3.00000000e-01,2.18887159e-08 
 4.00000000e-01,2.29920416e-07 
 5.00000000e-01,2.12684104e-06 
 6.00000000e-01,1.47381386e-05 
 7.00000000e-01,6.58939233e-05 
 8.00000000e-01,1.88013905e-04 
 9.00000000e-01,3.77072688e-04 
 1.00000000e+00,6.02910437e-04 
 1.10000000e+00,8.42253309e-04 
 1.20000000e+00,1.08022459e-03 
 1.30000000e+00,1.29850951e-03 
 1.40000000e+00,1.45496682e-03 
 1.50000000e+00,1.52697361e-03 
 1.60000000e+00,1.56309305e-03 
 1.70000000e+00,1.58650761e-03 
 1.80000000e+00,1.60296854e-03 
 0.00000000e+00,3.46733989e-11 
 1.00000000e-01,3.83138856e-10 
 2.00000000e-01,4.37397152e-09 
 3.00000000e-01,4.82226714e-08 
 4.00000000e-01,4.74865478e-07 
 5.00000000e-01,3.63552834e-06 
 6.00000000e-01,1.94959384e-05 
 7.00000000e-01,7.18264999e-05 
 8.00000000e-01,1.81966335e-04 
 9.00000000e-01,3.44407784e-04 
 1.00000000e+00,5.41278983e-04 
 1.10000000e+00,7.57827020e-04 
 1.20000000e+00,9.82182598e-04 
 1.30000000e+00,1.19894106e-03 
 1.40000000e+00,1.37072356e-03 
 1.50000000e+00,1.45768368e-03 
 1.60000000e+00,1.50098669e-03 
 1.70000000e+00,1.52932156e-03 
 1.80000000e+00,1.54935512e-03 
 0.00000000e+00,1.02975260e-10 
 1.00000000e-01,1.17754760e-09 
 2.00000000e-01,1.30822613e-08 
 3.00000000e-01,1.28544695e-07 
 4.00000000e-01,9.80098250e-07 
 5.00000000e-01,5.50311562e-06 
 6.00000000e-01,2.28771115e-05 
 7.00000000e-01,6.68559631e-05 
 8.00000000e-01,1.43204279e-04 
 9.00000000e-01,2.48858718e-04 
 1.00000000e+00,3.78841294e-04 
 1.10000000e+00,5.28535923e-04 
 1.20000000e+00,6.93486410e-04 
 1.30000000e+00,8.68513198e-04 
 1.40000000e+00,1.04454927e-03 
 1.50000000e+00,1.19423933e-03 
 1.60000000e+00,1.28181289e-03 
 1.70000000e+00,1.33305684e-03 
 1.80000000e+00,1.36864010e-03 
 0.00000000e+00,1.81000007e-12 
 1.00000000e-01,1.81000007e-12 
 2.00000000e-01,1.83159434e-12 
 3.00000000e-01,3.67259174e-12 
 4.00000000e-01,8.56451741e-11 
 5.00000000e-01,3.62035133e-09 
 6.00000000e-01,8.99920339e-08 
 7.00000000e-01,4.77189790e-07 
 8.00000000e-01,1.22953866e-06 
 9.00000000e-01,2.40729110e-06 
 1.00000000e+00,4.09240212e-06 
 1.10000000e+00,6.38369729e-06 
 1.20000000e+00,9.39990078e-06 
 1.30000000e+00,1.32839196e-05 
 1.40000000e+00,1.82080948e-05 
 1.50000000e+00,2.43805408e-05 
 1.60000000e+00,3.20526052e-05 
 1.70000000e+00,4.15271752e-05 
 1.80000000e+00,5.31666671e-05 
 0.00000000e+00,1.81000007e-12 
 1.00000000e-01,1.81000007e-12 
 2.00000000e-01,1.81761160e-12 
 3.00000000e-01,2.19184675e-12 
 4.00000000e-01,1.86489689e-11 
 5.00000000e-01,6.79028497e-10 
 6.00000000e-01,9.11521410e-09 
 7.00000000e-01,3.34666173e-08 
 8.00000000e-01,7.69827983e-08 
 9.00000000e-01,1.44638768e-07 
 1.00000000e+00,2.43036696e-07 
 1.10000000e+00,3.80793892e-07 
 1.20000000e+00,5.69265162e-07 
 1.30000000e+00,8.23591547e-07 
 1.40000000e+00,1.16424033e-06 
 1.50000000e+00,1.61930251e-06 
 1.60000000e+00,2.22787378e-06 
 1.70000000e+00,3.04307167e-06 
 1.80000000e+00,4.09862273e-06 
 0.00000000e+00,1.81000007e-12 
 1.00000000e-01,1.81000028e-12 
 2.00000000e-01,1.84318229e-12 
 3.00000000e-01,3.77942773e-12 
 4.00000000e-01,8.91660361e-11 
 5.00000000e-01,3.67842119e-09 
 6.00000000e-01,6.73488221e-08 
 7.00000000e-01,2.87293644e-07 
 8.00000000e-01,6.91822135e-07 
 9.00000000e-01,1.31960917e-06 
 1.00000000e+00,2.22134938e-06 
 1.10000000e+00,3.46011638e-06 
 1.20000000e+00,5.11459790e-06 
 1.30000000e+00,7.28349056e-06 
 1.40000000e+00,1.00913015e-05 
 1.50000000e+00,1.36959969e-05 
 1.60000000e+00,1.82989178e-05 
 1.70000000e+00,2.41567134e-05 
 1.80000000e+00,3.15903362e-05 
 0.00000000e+00,1.81000007e-12 
 1.00000000e-01,1.81000028e-12 
 2.00000000e-01,1.83674408e-12 
 3.00000000e-01,3.23395781e-12 
 4.00000000e-01,6.47401930e-11 
 5.00000000e-01,2.59372310e-09 
 6.00000000e-01,4.00831218e-08 
 7.00000000e-01,1.56547643e-07 
 8.00000000e-01,3.66873453e-07 
 9.00000000e-01,6.93170751e-07 
 1.00000000e+00,1.16447145e-06 
 1.10000000e+00,1.81775695e-06 
 1.20000000e+00,2.70042129e-06 
 1.30000000e+00,3.87370941e-06 
 1.40000000e+00,5.41749788e-06 
 1.50000000e+00,7.43698497e-06 
 1.60000000e+00,1.00719202e-05 
 1.70000000e+00,1.35076533e-05 
 1.80000000e+00,1.79677549e-05 
 0.00000000e+00,1.81000007e-12 
 1.00000000e-01,1.81000028e-12 
 2.00000000e-01,1.82671391e-12 
 3.00000000e-01,2.66534559e-12 
 4.00000000e-01,3.95580968e-11 
 5.00000000e-01,1.53476699e-09 
 6.00000000e-01,2.17384580e-08 
 7.00000000e-01,8.16155807e-08 
 8.00000000e-01,1.88994136e-07 
 9.00000000e-01,3.55757410e-07 
 1.00000000e+00,5.97597360e-07 
 1.10000000e+00,9.34795466e-07 
 1.20000000e+00,1.39377801e-06 
 1.30000000e+00,2.00933688e-06 
 1.40000000e+00,2.82781910e-06 
 1.50000000e+00,3.91176179e-06 
 1.60000000e+00,5.34653725e-06 
 1.70000000e+00,7.24763161e-06 
 1.80000000e+00,9.72794125e-06 
 0.00000000e+00,1.81000007e-12 
 1.00000000e-01,1.81000007e-12 
 2.00000000e-01,1.81000007e-12 
 3.00000000e-01,1.81000072e-12 
 4.00000000e-01,1.81044155e-12 
 5.00000000e-01,2.15051089e-12 
 6.00000000e-01,1.35446446e-10 
 7.00000000e-01,6.92536054e-09 
 8.00000000e-01,1.91810971e-07 
 9.00000000e-01,2.68869767e-06 
 1.00000000e+00,1.00528993e-05 
 1.10000000e+00,2.10575948e-05 
 1.20000000e+00,3.54808175e-05 
 1.30000000e+00,5.33865016e-05 
 1.40000000e+00,7.47968416e-05 
 1.50000000e+00,9.96711250e-05 
 1.60000000e+00,1.27909312e-04 
 1.70000000e+00,1.59361283e-04 
 1.80000000e+00,1.93839181e-04 
 0.00000000e+00,1.81000007e-12 
 1.00000000e-01,1.81000007e-12 
 2.00000000e-01,1.81000007e-12 
 3.00000000e-01,1.81003107e-12 
 4.00000000e-01,1.84520129e-12 
 5.00000000e-01,2.10537874e-11 
 6.00000000e-01,1.17291106e-09 
 7.00000000e-01,4.01372808e-08 
 8.00000000e-01,8.83725080e-07 
 9.00000000e-01,4.71296438e-06 
 1.00000000e+00,1.14362954e-05 
 1.10000000e+00,2.09567096e-05 
 1.20000000e+00,3.34281905e-05 
 1.30000000e+00,4.89984523e-05 
 1.40000000e+00,6.77832843e-05 
 1.50000000e+00,8.98590531e-05 
 1.60000000e+00,1.15258102e-04 
 1.70000000e+00,1.43966950e-04 
 1.80000000e+00,1.75927538e-04 
 0.00000000e+00,1.81000007e-12 
 1.00000000e-01,1.81000007e-12 
 2.00000000e-01,1.81220490e-12 
 3.00000000e-01,2.54934789e-12 
 4.00000000e-01,4.01031471e-11 
 5.00000000e-01,1.68639780e-09 
 6.00000000e-01,6.22175706e-08 
 7.00000000e-01,6.04756036e-07 
 8.00000000e-01,1.90156825e-06 
 9.00000000e-01,4.02287264e-06 
 1.00000000e+00,7.08949921e-06 
 1.10000000e+00,1.12446272e-05 
 1.20000000e+00,1.66523558e-05 
 1.30000000e+00,2.35001337e-05 
 1.40000000e+00,3.20014144e-05 
 1.50000000e+00,4.23982015e-05 
 1.60000000e+00,5.49631759e-05 
 1.70000000e+00,7.00009378e-05 
 1.80000000e+00,8.78476939e-05 
 0.00000000e+00,1.81069482e-12 
 1.00000000e-01,1.81406192e-12 
 2.00000000e-01,9.68279103e-12 
 3.00000000e-01,2.40265764e-10 
 4.00000000e-01,3.17173251e-09 
 5.00000000e-01,3.60897388e-08 
 6.00000000e-01,3.04191844e-07 
 7.00000000e-01,1.20063080e-06 
 8.00000000e-01,2.86475007e-06 
 9.00000000e-01,5.36682916e-06 
 1.00000000e+00,8.80392344e-06 
 1.10000000e+00,1.32855977e-05 
 1.20000000e+00,1.89285682e-05 
 1.30000000e+00,2.58552155e-05 
 1.40000000e+00,3.41925150e-05 
 1.50000000e+00,4.40706980e-05 
 1.60000000e+00,5.56213301e-05 
 1.70000000e+00,6.89742107e-05 
 1.80000000e+00,8.42515412e-05 
 0.00000000e+00,1.81105326e-12 
 1.00000000e-01,1.81614836e-12 
 2.00000000e-01,1.10726658e-11 
 3.00000000e-01,2.05252585e-10 
 4.00000000e-01,2.51549255e-09 
 5.00000000e-01,2.79919646e-08 
 6.00000000e-01,2.05540953e-07 
 7.00000000e-01,7.13605269e-07 
 8.00000000e-01,1.61299687e-06 
 9.00000000e-01,2.95737512e-06 
 1.00000000e+00,4.81740232e-06 
 1.10000000e+00,7.27580914e-06 
 1.20000000e+00,1.04272443e-05 
 1.30000000e+00,1.43797797e-05 
 1.40000000e+00,1.92569613e-05 
 1.50000000e+00,2.52001783e-05 
 1.60000000e+00,3.23709148e-05 
 1.70000000e+00,4.09508911e-05 
 1.80000000e+00,5.11297788e-05 
 0.00000000e+00,1.81091318e-12 
 1.00000000e-01,1.81532502e-12 
 2.00000000e-01,8.62072978e-12 
 3.00000000e-01,1.32470229e-10 
 4.00000000e-01,1.57922722e-09 
 5.00000000e-01,1.73121355e-08 
 6.00000000e-01,1.17880940e-07 
 7.00000000e-01,3.87140286e-07 
 8.00000000e-01,8.56170307e-07 
 9.00000000e-01,1.55808741e-06 
 1.00000000e+00,2.53628333e-06 
 1.10000000e+00,3.84309272e-06 
 1.20000000e+00,5.54096555e-06 
 1.30000000e+00,7.70475529e-06 
 1.40000000e+00,1.04248475e-05 
 1.50000000e+00,1.38112382e-05 
 1.60000000e+00,1.79983124e-05 
 1.70000000e+00,2.31464941e-05 
 1.80000000e+00,2.93989980e-05 
 0.00000000e+00,1.81060071e-12 
 1.00000000e-01,1.81350009e-12 
 2.00000000e-01,5.89583677e-12 
 3.00000000e-01,7.56169071e-11 
 4.00000000e-01,8.84729089e-10 
 5.00000000e-01,9.60717232e-09 
 6.00000000e-01,6.29360344e-08 
 7.00000000e-01,2.01475834e-07 
 8.00000000e-01,4.41327763e-07 
 9.00000000e-01,8.00937947e-07 
 1.00000000e+00,1.30454412e-06 
 1.10000000e+00,1.98191701e-06 
 1.20000000e+00,2.86944081e-06 
 1.30000000e+00,4.01194022e-06 
 1.40000000e+00,5.46525756e-06 
 1.50000000e+00,7.29981022e-06 
 1.60000000e+00,9.60507182e-06 
 1.70000000e+00,1.24898465e-05 
 1.80000000e+00,1.59985207e-05 
 0.00000000e+00,1.81000028e-12 
 1.00000000e-01,1.81000072e-12 
 2.00000000e-01,1.81084358e-12 
 3.00000000e-01,1.88387543e-12 
 4.00000000e-01,8.20859591e-12 
 5.00000000e-01,5.05363284e-10 
 6.00000000e-01,2.24951910e-08 
 7.00000000e-01,3.43047657e-07 
 8.00000000e-01,2.77157697e-06 
 9.00000000e-01,1.15735069e-05 
 1.00000000e+00,2.69612743e-05 
 1.10000000e+00,4.69322767e-05 
 1.20000000e+00,7.05413313e-05 
 1.30000000e+00,9.72071309e-05 
 1.40000000e+00,1.26430939e-04 
 1.50000000e+00,1.57767690e-04 
 1.60000000e+00,1.90828524e-04 
 1.70000000e+00,2.25280489e-04 
 1.80000000e+00,2.60842137e-04 
 0.00000000e+00,1.81014860e-12 
 1.00000000e-01,1.81086916e-12 
 2.00000000e-01,3.98753600e-12 
 3.00000000e-01,1.34030755e-10 
 4.00000000e-01,2.43793483e-09 
 5.00000000e-01,2.91500335e-08 
 6.00000000e-01,2.97955046e-07 
 7.00000000e-01,1.60310653e-06 
 8.00000000e-01,4.44936974e-06 
 9.00000000e-01,8.89762019e-06 
 1.00000000e+00,1.50306872e-05 
 1.10000000e+00,2.29471105e-05 
 1.20000000e+00,3.27375473e-05 
 1.30000000e+00,4.44778920e-05 
 1.40000000e+00,5.82259212e-05 
 1.50000000e+00,7.40188011e-05 
 1.60000000e+00,9.18711731e-05 
 1.70000000e+00,1.11773806e-04 
 1.80000000e+00,1.33692737e-04 
 0.00000000e+00,1.81001091e-12 
 1.00000000e-01,1.81005406e-12 
 2.00000000e-01,1.83730245e-12 
 3.00000000e-01,3.16716640e-12 
 4.00000000e-01,6.82222941e-11 
 5.00000000e-01,2.93561484e-09 
 6.00000000e-01,8.08189962e-08 
 7.00000000e-01,9.26064846e-07 
 8.00000000e-01,5.53417812e-06 
 9.00000000e-01,1.83726676e-05 
 1.00000000e+00,3.86956605e-05 
 1.10000000e+00,6.39911597e-05 
 1.20000000e+00,9.29309602e-05 
 1.30000000e+00,1.24709703e-04 
 1.40000000e+00,1.58711129e-04 
 1.50000000e+00,1.94436647e-04 
 1.60000000e+00,2.31482678e-04 
 1.70000000e+00,2.69524027e-04 
 1.80000000e+00,3.08298800e-04 
 0.00000000e+00,1.81133255e-12 
 1.00000000e-01,1.81575176e-12 
 2.00000000e-01,2.82220688e-12 
 3.00000000e-01,2.95922833e-11 
 4.00000000e-01,7.49460812e-10 
 5.00000000e-01,1.82920743e-08 
 6.00000000e-01,3.14345308e-07 
 7.00000000e-01,2.73263541e-06 
 8.00000000e-01,1.24922843e-05 
 9.00000000e-01,3.41018193e-05 
 1.00000000e+00,6.51416132e-05 
 1.10000000e+00,1.01861987e-04 
 1.20000000e+00,1.42235192e-04 
 1.30000000e+00,1.85134772e-04 
 1.40000000e+00,2.29807141e-04 
 1.50000000e+00,2.75701920e-04 
 1.60000000e+00,3.22404624e-04 
 1.70000000e+00,3.69597768e-04 
 1.80000000e+00,4.17033855e-04 
 0.00000000e+00,1.81020823e-12 
 1.00000000e-01,1.81094723e-12 
 2.00000000e-01,2.06082785e-12 
 3.00000000e-01,1.04821757e-11 
 4.00000000e-01,2.96167292e-10 
 5.00000000e-01,9.04302126e-09 
 6.00000000e-01,1.85949391e-07 
 7.00000000e-01,1.79301073e-06 
 8.00000000e-01,9.02120217e-06 
 9.00000000e-01,2.64097937e-05 
 1.00000000e+00,5.23265086e-05 
 1.10000000e+00,8.36193507e-05 
 1.20000000e+00,1.18576718e-04 
 1.30000000e+00,1.56206266e-04 
 1.40000000e+00,1.95807013e-04 
 1.50000000e+00,2.36846423e-04 
 1.60000000e+00,2.78912761e-04 
 1.70000000e+00,3.21685274e-04 
 1.80000000e+00,3.64911770e-04 
 0.00000000e+00,1.81000007e-12 
 1.00000000e-01,1.81000007e-12 
 2.00000000e-01,1.81000007e-12 
 3.00000000e-01,1.81000007e-12 
 4.00000000e-01,1.81000007e-12 
 5.00000000e-01,1.81002739e-12 
 6.00000000e-01,1.95768141e-12 
 7.00000000e-01,5.07417099e-11 
 8.00000000e-01,4.27544320e-09 
 9.00000000e-01,2.90027069e-07 
 1.00000000e+00,2.97657892e-06 
 1.10000000e+00,8.19442564e-06 
 1.20000000e+00,1.59641929e-05 
 1.30000000e+00,2.69068651e-05 
 1.40000000e+00,4.18590265e-05 
 1.50000000e+00,6.19190951e-05 
 1.60000000e+00,8.85146315e-05 
 1.70000000e+00,1.21181550e-04 
 1.80000000e+00,1.53937038e-04 
 0.00000000e+00,1.81000007e-12 
 1.00000000e-01,1.81000007e-12 
 2.00000000e-01,1.81000007e-12 
 3.00000000e-01,1.81000007e-12 
 4.00000000e-01,1.81000115e-12 
 5.00000000e-01,1.81358552e-12 
 6.00000000e-01,7.59059352e-12 
 7.00000000e-01,6.68611259e-10 
 8.00000000e-01,3.63354112e-08 
 9.00000000e-01,1.17637467e-06 
 1.00000000e+00,6.31098965e-06 
 1.10000000e+00,1.46354285e-05 
 1.20000000e+00,2.61020941e-05 
 1.30000000e+00,4.10426679e-05 
 1.40000000e+00,5.97992255e-05 
 1.50000000e+00,8.26935515e-05 
 1.60000000e+00,1.10007171e-04 
 1.70000000e+00,1.41962405e-04 
 1.80000000e+00,1.78707844e-04 
 0.00000000e+00,1.81000007e-12 
 1.00000000e-01,1.81000007e-12 
 2.00000000e-01,1.81014166e-12 
 3.00000000e-01,1.82656733e-12 
 4.00000000e-01,3.72722513e-12 
 5.00000000e-01,2.04740810e-10 
 6.00000000e-01,1.17411148e-08 
 7.00000000e-01,2.08115460e-07 
 8.00000000e-01,1.97586125e-06 
 9.00000000e-01,9.40769030e-06 
 1.00000000e+00,2.31312797e-05 
 1.10000000e+00,4.12965699e-05 
 1.20000000e+00,6.31007844e-05 
 1.30000000e+00,8.80612180e-05 
 1.40000000e+00,1.15739537e-04 
 1.50000000e+00,1.45723835e-04 
 1.60000000e+00,1.77638970e-04 
 1.70000000e+00,2.11152674e-04 
 1.80000000e+00,2.45976187e-04 
 0.00000000e+00,1.80999985e-12 
 1.00000000e-01,1.81000007e-12 
 2.00000000e-01,1.81048948e-12 
 3.00000000e-01,1.85679879e-12 
 4.00000000e-01,6.24007573e-12 
 5.00000000e-01,3.83548677e-10 
 6.00000000e-01,1.84435597e-08 
 7.00000000e-01,2.94444213e-07 
 8.00000000e-01,2.49865246e-06 
 9.00000000e-01,1.08509076e-05 
 1.00000000e+00,2.56939928e-05 
 1.10000000e+00,4.50759401e-05 
 1.20000000e+00,6.80974413e-05 
 1.30000000e+00,9.42078829e-05 
 1.40000000e+00,1.22926622e-04 
 1.50000000e+00,1.53818018e-04 
 1.60000000e+00,1.86496683e-04 
 1.70000000e+00,2.20629281e-04 
 1.80000000e+00,2.55931706e-04 
 0.00000000e+00,1.81000072e-12 
 1.00000000e-01,1.81000375e-12 
 2.00000000e-01,1.81342072e-12 
 3.00000000e-01,2.04850980e-12 
 4.00000000e-01,1.82272225e-11 
 5.00000000e-01,1.02461463e-09 
 6.00000000e-01,3.74564575e-08 
 7.00000000e-01,5.08158956e-07 
 8.00000000e-01,3.62397393e-06 
 9.00000000e-01,1.37349069e-05 
 1.00000000e+00,3.07024558e-05 
 1.10000000e+00,5.23731252e-05 
 1.20000000e+00,7.76728201e-05 
 1.30000000e+00,1.05938931e-04 
 1.40000000e+00,1.36627878e-04 
 1.50000000e+00,1.69273336e-04 
 1.60000000e+00,2.03480405e-04 
 1.70000000e+00,2.38919380e-04 
 1.80000000e+00,2.75317188e-04 
 0.00000000e+00,1.81000202e-12 
 1.00000000e-01,1.81001004e-12 
 2.00000000e-01,1.81743943e-12 
 3.00000000e-01,2.26666082e-12 
 4.00000000e-01,2.94542001e-11 
 5.00000000e-01,1.51424441e-09 
 6.00000000e-01,4.96860150e-08 
 7.00000000e-01,6.32089018e-07 
 8.00000000e-01,4.21189387e-06 
 9.00000000e-01,1.51643600e-05 
 1.00000000e+00,3.31443682e-05 
 1.10000000e+00,5.58986885e-05 
 1.20000000e+00,8.22738269e-05 
 1.30000000e+00,1.11560440e-04 
 1.40000000e+00,1.43191178e-04 
 1.50000000e+00,1.76689801e-04 
 1.60000000e+00,2.11659815e-04 
 1.70000000e+00,2.47774635e-04 
 1.80000000e+00,2.84766699e-04 
 0.00000000e+00,1.81000310e-12 
 1.00000000e-01,1.81001590e-12 
 2.00000000e-01,1.82056258e-12 
 3.00000000e-01,2.42204802e-12 
 4.00000000e-01,3.67662378e-11 
 5.00000000e-01,1.80531767e-09 
 6.00000000e-01,5.64358057e-08 
 7.00000000e-01,6.97542436e-07 
 8.00000000e-01,4.50970546e-06 
 9.00000000e-01,1.58743004e-05 
 1.00000000e+00,3.43495441e-05 
 1.10000000e+00,5.76326236e-05 
 1.20000000e+00,8.45321022e-05 
 1.30000000e+00,1.14317134e-04 
 1.40000000e+00,1.46409915e-04 
 1.50000000e+00,1.80330180e-04 
 1.60000000e+00,2.15681110e-04 
 1.70000000e+00,2.52137816e-04 
 1.80000000e+00,2.89435399e-04 
 0.00000000e+00,1.81001568e-12 
 1.00000000e-01,1.81007748e-12 
 2.00000000e-01,1.84610855e-12 
 3.00000000e-01,3.52523197e-12 
 4.00000000e-01,8.19885770e-11 
 5.00000000e-01,3.38522308e-09 
 6.00000000e-01,8.97941979e-08 
 7.00000000e-01,1.00637976e-06 
 8.00000000e-01,5.87914262e-06 
 9.00000000e-01,1.91939960e-05 
 1.00000000e+00,4.01087467e-05 
 1.10000000e+00,6.60442973e-05 
 1.20000000e+00,9.56297094e-05 
 1.30000000e+00,1.28037235e-04 
 1.40000000e+00,1.62639626e-04 
 1.50000000e+00,1.98933403e-04 
 1.60000000e+00,2.36513446e-04 
 1.70000000e+00,2.75054798e-04 
 1.80000000e+00,3.14296652e-04 
 0.00000000e+00,1.81005102e-12 
 1.00000000e-01,1.81025420e-12 
 2.00000000e-01,1.95776490e-12 
 3.00000000e-01,9.68333291e-12 
 4.00000000e-01,3.94017239e-10 
 5.00000000e-01,1.35875643e-08 
 6.00000000e-01,1.99305094e-07 
 7.00000000e-01,1.52228946e-06 
 8.00000000e-01,7.12776127e-06 
 9.00000000e-01,1.94180930e-05 
 1.00000000e+00,3.73849529e-05 
 1.10000000e+00,5.98327319e-05 
 1.20000000e+00,8.59767943e-05 
 1.30000000e+00,1.15182867e-04 
 1.40000000e+00,1.46896407e-04 
 1.50000000e+00,1.80635000e-04 
 1.60000000e+00,2.15985998e-04 
 1.70000000e+00,2.52600871e-04 
 1.80000000e+00,2.90187295e-04 
 0.00000000e+00,1.81029540e-12 
 1.00000000e-01,1.81150646e-12 
 2.00000000e-01,2.87212615e-12 
 3.00000000e-01,6.13570080e-11 
 4.00000000e-01,2.32689036e-09 
 5.00000000e-01,3.74295496e-08 
 6.00000000e-01,3.28451543e-07 
 7.00000000e-01,2.09008640e-06 
 8.00000000e-01,7.68545419e-06 
 9.00000000e-01,1.77347116e-05 
 1.00000000e+00,3.17907533e-05 
 1.10000000e+00,4.94814902e-05 
 1.20000000e+00,7.04764732e-05 
 1.30000000e+00,9.44362001e-05 
 1.40000000e+00,1.21013571e-04 
 1.50000000e+00,1.49865745e-04 
 1.60000000e+00,1.80664555e-04 
 1.70000000e+00,2.13103477e-04 
 1.80000000e+00,2.46901355e-04 
 0.00000000e+00,1.81427356e-12 
 1.00000000e-01,1.83196297e-12 
 2.00000000e-01,1.70510277e-11 
 3.00000000e-01,5.62323760e-10 
 4.00000000e-01,8.22140949e-09 
 5.00000000e-01,7.36228678e-08 
 6.00000000e-01,5.50082939e-07 
 7.00000000e-01,2.47417398e-06 
 8.00000000e-01,6.49248730e-06 
 9.00000000e-01,1.26520343e-05 
 1.00000000e+00,2.09783060e-05 
 1.10000000e+00,3.15107220e-05 
 1.20000000e+00,4.42716669e-05 
 1.30000000e+00,5.92570917e-05 
 1.40000000e+00,7.64350849e-05 
 1.50000000e+00,9.57469476e-05 
 1.60000000e+00,1.17109417e-04 
 1.70000000e+00,1.40417480e-04 
 1.80000000e+00,1.65547260e-04 
